"Geographic code","Geographic name","CSD, DPL Type","Population, 2016","Incompletely enumerated Indian reserves and Indian settlements, 2016","Population, 2011","2011 adjusted population flag","Incompletely enumerated Indian reserves and Indian settlements, 2011","2016 population review flag","2011 population review or received update flag","Population, % change","Total private dwellings, 2016","Private dwellings occupied by usual residents, 2016","Land area in square kilometres, 2016","Population density per square kilometre, 2016",
"01","Canada",,35151728,T,33476688,F,T,F,,5.0,15412443,14072079,8965588.85,3.9,,
35,Ontario,,13448494,T,12851821,F,T,F,,4.6,5598391,5169174,908699.33,14.8,,
"3557","Algoma",,114094,T,115870,F,T,F,,-1.5,60324,51071,48814.88,2.3,
"3557095","Algoma, Unorganized, North Part",Unorganized (NO),5739,F,5518,F,F,F,,4.0,5489,2546,44084.16,0.1,
"350036","Hawk Junction",Local service board (LSB),158,F,190,F,F,F,,-16.8,160,81,83.32,1.9,
"350037","Missanabie",Local service board (LSB),40,F,29,F,F,F,,37.9,38,16,0.30,135.0,
"350008","Oba",Local service board (LSB),15,F,10,F,F,F,,50.0,23,5,101.16,0.1,
"350005","Searchmont",Local service board (LSB),392,F,293,F,F,F,,33.8,362,188,378.90,1.0,
"3557094","Algoma, Unorganized, South East Part",Unorganized (NO),0,F,0,F,F,F,,,4,1,43.48,0.0,
"3557038","Blind River",Town (T),3472,F,3549,F,F,F,,-2.2,2219,1587,525.65,6.6,
"3557021","Bruce Mines",Town (T),582,F,566,F,F,F,,2.8,299,268,6.22,93.6,
"3557079","Dubreuilville",Township (TP),613,F,635,F,F,F,,-3.5,310,248,89.50,6.8,
"3557041","Elliot Lake",City (CY),10741,F,11348,F,F,F,,-5.3,6259,5514,714.65,15.0,
"3557074","Garden River 14",Indian reserve (IRI),1125,F,1107,F,F,F,,1.6,438,411,214.97,5.2,
"3557077","Goulais Bay 15A",Indian reserve (IRI),,T,,F,T,F,,,,,6.44,,
"3557078","Gros Cap 49",Indian reserve (IRI),77,F,68,F,F,F,,13.2,38,37,34.38,2.2,
"3557004","Hilton",Township (TP),307,F,261,F,F,F,,17.6,317,136,115.82,2.7,
"3557006","Hilton Beach",Village (VL),171,F,145,F,F,F,,17.9,128,88,2.62,65.2,
"3557096","Hornepayne",Township (TP),980,F,1050,F,F,F,,-6.7,514,408,204.07,4.8,
"3557035","Huron Shores",Municipality (MU),1664,F,1723,F,F,F,,-3.4,1253,746,457.35,3.6,
"350071","Iron Bridge",Dissolved municipality (DMU),629,F,632,F,F,F,,-0.5,374,298,32.32,19.5,
"3557001","Jocelyn",Township (TP),313,F,237,F,F,F,,32.1,340,157,131.45,2.4,
"3557016","Johnson",Township (TP),751,F,750,F,F,F,,0.1,521,280,120.27,6.2,
"3557011","Laird",Township (TP),1047,F,1057,F,F,F,,-0.9,527,425,102.48,10.2,
"3557051","Macdonald, Meredith and Aberdeen Additional",Township (TP),1609,F,1464,F,F,F,,9.9,860,657,164.05,9.8,
"3557073","Mississagi River 8",Indian reserve (IRI),411,F,390,F,F,F,,5.4,185,178,18.39,22.3,
"3557019","Plummer Additional",Township (TP),660,F,650,F,F,F,,1.5,515,282,220.30,3.0,
"3557066","Prince",Township (TP),1010,F,1031,F,F,F,,-2.0,459,403,85.30,11.8,
"3557075","Rankin Location 15D",Indian reserve (IRI),,T,,F,T,F,,,,,15.55,,
"3557071","Sagamok",Indian reserve (IRI),1140,F,1036,F,F,F,,10.0,401,383,98.67,11.6,
"3557061","Sault Ste. Marie",City (CY),73368,F,75141,F,F,F,,-2.4,34485,32634,223.24,328.6,
"3557072","Serpent River 7",Indian reserve (IRI),371,F,373,F,F,F,,-0.5,157,140,78.96,4.7,
"3557039","Spanish",Town (T),712,F,696,F,F,F,,2.3,437,335,108.67,6.6,
"3557008","St. Joseph",Township (TP),1240,F,1201,F,F,F,,3.2,853,550,129.12,9.6,
"3557014","Tarbutt and Tarbutt Additional",Township (TP),534,F,396,F,F,F,,34.8,400,216,52.82,10.1,
"3557040","The North Shore",Township (TP),497,F,509,F,F,F,,-2.4,367,238,239.08,2.1,
"3557028","Thessalon",Town (T),1286,F,1279,F,F,F,,0.5,624,564,4.52,284.6,
"3557026","Thessalon 12",Indian reserve (IRI),124,F,108,F,F,F,,14.8,63,58,9.69,12.8,
"3557076","Wawa",Municipality (MU),2905,F,2975,F,F,F,,-2.4,1451,1279,416.21,7.0,
"3557091","White River",Township (TP),645,F,607,F,F,F,,6.3,411,302,96.78,6.7,
"3529","Brant",,134808,T,136035,F,F,F,,-0.9,54626,52722,1093.22,123.3,
"3529005","Brant",City (CY),36707,F,35638,F,F,F,,3.0,13687,13315,843.25,43.5,
"350138","Burford",Retired population centre (RPC),1615,F,1952,T,F,F,D,-17.3,670,646,7.76,208.2,
"3529006","Brantford",City (CY),97496,F,93650,F,F,F,,4.1,40732,39215,72.44,1345.9,
"3529021","New Credit (Part) 40A",Indian reserve (IRI),605,F,534,F,F,F,,13.3,207,192,20.07,30.1,
"3529020","Six Nations (Part) 40",Indian reserve (IRI),,T,6213,F,F,F,,,,,157.46,,
"3541","Bruce",,68147,F,66102,F,F,F,,3.1,41183,28866,4090.20,16.7,
"3541043","Arran-Elderslie",Municipality (MU),6803,F,6810,F,F,F,,-0.1,3030,2750,460.07,14.8,
"350058","Tara",Dissolved municipality (DMU),1138,F,1037,F,F,F,,9.7,493,476,2.42,470.3,
"3541032","Brockton",Municipality (MU),9461,F,9432,F,F,F,,0.3,4252,3941,565.18,16.7,
"3541056","Chief's Point No. 28",Indian reserve (IRI),0,F,0,T,F,F,D,,55,1,6.07,0.0,
"3541015","Huron-Kinloss",Township (TP),7069,F,6790,F,F,F,,4.1,4037,2777,440.76,16.0,
"3541024","Kincardine",Municipality (MU),11389,F,11174,F,F,F,,1.9,5883,4855,537.94,21.2,
"350057","Tiverton",Dissolved municipality (DMU),725,F,705,F,F,F,,2.8,384,330,2.26,320.1,
"3541060","Neyaashiinigmiing 27",Indian reserve (IRI),615,F,667,F,F,F,,-7.8,410,252,63.84,9.6,
"3541069","Northern Bruce Peninsula",Municipality (MU),3999,F,3744,F,F,F,,6.8,5069,1933,783.99,5.1,
"350060","Lion's Head",Dissolved municipality (DMU),597,F,514,F,F,F,,16.1,348,249,2.01,297.5,
"3541057","Saugeen 29",Indian reserve (IRI),1041,F,726,F,F,F,,43.4,1466,391,41.54,25.1,
"3541045","Saugeen Shores",Town (T),13715,F,12661,F,F,F,,8.3,7655,6025,171.05,80.2,
"3541004","South Bruce",Municipality (MU),5639,F,5685,F,F,F,,-0.8,2381,2200,487.48,11.6,
"350250","Teeswater",Retired population centre (RPC),995,F,1011,T,F,F,D,-1.6,476,437,2.47,402.3,
"3541055","South Bruce Peninsula",Town (T),8416,F,8413,F,F,F,,0.0,6945,3741,532.29,15.8,
"350059","Hepworth",Dissolved municipality (DMU),506,F,530,F,F,F,,-4.5,201,191,3.56,142.3,
"3536","Chatham-Kent",,102042,F,104075,F,F,F,,-2.0,46287,43174,2470.52,41.3,
"3536020","Chatham-Kent",Municipality (MU),101647,F,103671,F,F,F,,-2.0,46103,43026,2457.90,41.4,
"350055","Bothwell",Dissolved municipality (DMU),856,F,912,F,F,F,,-6.1,415,394,2.01,425.5,
"350052","Erie Beach",Dissolved municipality (DMU),150,F,171,F,F,F,,-12.3,114,70,0.25,598.3,
"350053","Erieau",Dissolved municipality (DMU),389,F,397,F,F,F,,-2.0,329,200,0.70,555.7,
"350054","Highgate",Dissolved municipality (DMU),338,F,379,F,F,F,,-10.8,170,157,2.88,117.4,
"350056","Thamesville",Dissolved municipality (DMU),861,F,928,F,F,F,,-7.2,389,373,2.21,388.9,
"3536029","Moravian 47",Indian reserve (IRI),395,F,404,F,F,F,,-2.2,184,148,12.62,31.3,
"3556","Cochrane",,79682,F,81122,F,F,F,,-1.8,37974,34012,141268.51,0.6,
"3556033","Abitibi 70",Indian reserve (IRI),144,F,126,F,F,F,,14.3,63,56,78.74,1.8,
"3556014","Black River-Matheson",Township (TP),2438,F,2410,F,F,F,,1.2,1149,1050,1163.45,2.1,
"3556042","Cochrane",Town (T),5321,F,5340,F,F,F,,-0.4,2510,2272,539.12,9.9,
"3556092","Cochrane, Unorganized, North Part",Unorganized (NO),2865,F,3064,F,F,F,,-6.5,1835,1167,131735.62,0.0,
"350038","Jogues",Local service board (LSB),312,F,325,F,F,F,,-4.0,129,122,79.12,3.9,
"350132","Moose Factory South",Municipal defined places (MDP),672,F,703,T,F,F,D,-4.4,275,228,1.61,416.4,
"3556098","Cochrane, Unorganized, South East Part",Unorganized (NO),10,F,15,F,F,F,,-33.3,8,5,53.44,0.2,
"3556091","Cochrane, Unorganized, South West Part",Unorganized (NO),0,F,0,F,F,F,,,2,1,553.98,0.0,
"3556095","Constance Lake 92",Indian reserve (IRI),590,F,670,F,F,F,,-11.9,214,191,26.28,22.4,
"3556094","Factory Island 1",Indian reserve (IRI),1560,F,1414,F,F,F,,10.3,501,430,3.18,491.0,
"3556052","Fauquier-Strickland",Township (TP),536,F,530,F,F,F,,1.1,387,263,1013.25,0.5,
"3556100","Flying Post 73",Indian reserve (IRI),0,F,0,F,F,F,,,0,0,58.17,0.0,
"3556093","Fort Albany (Part) 67",Indian reserve (IRI),759,F,511,F,F,F,,48.5,239,207,3.32,228.6,
"3556076","Hearst",Town (T),5070,F,5090,F,F,F,,-0.4,2466,2379,98.52,51.5,
"3556031","Iroquois Falls",Town (T),4537,F,4595,F,F,F,,-1.3,2245,2029,600.01,7.6,
"3556066","Kapuskasing",Town (T),8292,F,8196,F,F,F,,1.2,4087,3801,84.37,98.3,
"3556077","Mattice-Val Côté",Township (TP),648,F,686,F,F,F,,-5.5,338,302,414.00,1.6,
"3556056","Moonbeam",Township (TP),1231,F,1101,F,F,F,,11.8,768,544,235.58,5.2,
"3556096","Moose Factory 68",Indian reserve (IRI),0,F,0,F,F,F,,,0,0,168.88,0.0,
"3556106","Moosonee",Town (TV),1481,F,1725,F,F,F,,-14.1,633,487,546.72,2.7,
"3556102","New Post 69A",Indian reserve (IRI),94,F,77,F,F,F,,22.1,30,27,1.34,70.4,
"3556073","Opasatika",Township (TP),226,F,214,F,F,F,,5.6,132,107,330.44,0.7,
"3556048","Smooth Rock Falls",Town (T),1330,F,1376,F,F,F,,-3.3,693,624,200.10,6.6,
"3556027","Timmins",City (CY),41788,F,43165,F,F,F,,-3.2,19317,17740,2978.83,14.0,
"3556070","Val Rita-Harty",Township (TP),762,F,817,F,F,F,,-6.7,357,330,381.18,2.0,
"3522","Dufferin",,61735,F,56881,F,F,F,,8.5,22889,21918,1486.44,41.5,
"3522008","Amaranth",Township (TP),4079,F,3963,F,F,F,,2.9,1376,1335,264.58,15.4,
"3522001","East Garafraxa",Township (TP),2579,F,2595,F,F,F,,-0.6,922,854,166.07,15.5,
"3522010","Grand Valley",Town (T),2956,F,2726,F,F,F,,8.4,1145,1106,158.23,18.7,
"3522019","Melancthon",Township (TP),3008,F,2839,F,F,F,,6.0,1124,1037,310.79,9.7,
"3522012","Mono",Town (T),8609,F,7546,F,F,F,,14.1,3127,2919,277.83,31.0,
"3522016","Mulmur",Township (TP),3478,F,3391,F,F,F,,2.6,1674,1315,286.77,12.1,
"3522014","Orangeville",Town (T),28900,F,27975,F,F,F,,3.3,10696,10565,15.61,1851.9,
"3522021","Shelburne",Town (T),8126,F,5846,F,F,F,,39.0,2825,2787,6.56,1238.1,
"3518","Durham",,645862,F,608124,F,F,F,,6.2,233936,227906,2523.80,255.9,
"3518005","Ajax",Town (T),119677,F,109600,F,F,F,,9.2,38105,37549,67.00,1786.4,
"3518039","Brock",Township (TP),11642,F,11341,F,F,F,,2.7,5035,4543,423.34,27.5,
"3518017","Clarington",Municipality (MU),92013,F,84548,F,F,F,,8.8,33384,32838,611.40,150.5,
"350096","Hampton",Municipal defined places (MDP),755,F,763,F,F,F,,-1.0,272,266,1.23,612.9,
"350098","Newtonville",Municipal defined places (MDP),576,F,549,F,F,F,,4.9,221,214,2.26,255.4,
"3518022","Mississaugas of Scugog Island",Indian reserve (IRI),131,F,93,F,F,F,,40.9,61,52,2.57,50.9,
"3518013","Oshawa",City (CY),159458,F,149607,F,F,F,,6.6,64883,62595,145.64,1094.9,
"3518001","Pickering",City (CY),91771,F,88721,F,F,F,,3.4,31630,30919,231.55,396.3,
"350093","Claremont",Municipal defined places (MDP),1202,F,1175,F,F,F,,2.3,411,404,2.12,567.5,
"3518020","Scugog",Township (TP),21617,F,21569,F,F,F,,0.2,8697,8218,474.71,45.5,
"350091","Blackstock",Municipal defined places (MDP),781,F,756,T,F,F,B,3.3,288,285,0.90,863.7,
"350092","Caesarea",Municipal defined places (MDP),823,F,785,F,F,F,,4.8,401,340,0.84,978.8,
"350095","Greenbank",Municipal defined places (MDP),554,F,567,F,F,F,,-2.3,200,197,0.78,713.4,
"3518029","Uxbridge",Township (TP),21176,F,20623,F,F,F,,2.7,7946,7663,420.95,50.3,
"350094","Goodwood",Municipal defined places (MDP),663,F,596,F,F,F,,11.2,225,217,1.42,465.5,
"350099","Zephyr",Municipal defined places (MDP),505,F,511,T,F,F,B,-1.2,185,185,1.26,400.4,
"3518009","Whitby",Town (T),128377,F,122022,F,F,F,,5.2,44195,43529,146.66,875.4,
"3534","Elgin",,88978,F,87461,F,F,F,,1.7,36613,34995,1881.03,47.3,
"3534011","Aylmer",Town (T),7492,F,7151,F,F,F,,4.8,3031,2961,6.26,1197.6,
"3534005","Bayham",Municipality (MU),7396,F,6989,F,F,F,,5.8,2557,2393,244.97,30.2,
"350050","Vienna",Dissolved municipality (DMU),773,F,733,F,F,F,,5.5,236,231,2.69,286.9,
"3534020","Central Elgin",Municipality (MU),12607,F,12743,F,F,F,,-1.1,5324,4922,280.33,45.0,
"3534030","Dutton/Dunwich",Municipality (MU),3866,F,3876,F,F,F,,-0.3,1556,1481,294.58,13.1,
"3534010","Malahide",Township (TP),9292,F,9146,F,F,F,,1.6,3155,2943,395.05,23.5,
"350051","Springfield",Dissolved municipality (DMU),878,F,763,F,F,F,,15.1,288,285,1.92,456.4,
"3534024","Southwold",Township (TP),4421,F,4494,F,F,F,,-1.6,1655,1607,301.74,14.7,
"3534021","St. Thomas",City (CY),38909,F,37905,F,F,F,,2.6,17114,16586,35.63,1092.1,
"3534042","West Elgin",Municipality (MU),4995,F,5157,F,F,F,,-3.1,2221,2102,322.48,15.5,
"350252","Rodney",Retired population centre (RPC),998,F,1023,T,F,F,D,-2.4,473,445,2.08,479.9,
"3537","Essex",,398953,F,388782,F,F,F,,2.6,168569,159053,1850.90,215.5,
"3537028","Amherstburg",Town (T),21936,F,21556,F,F,F,,1.8,8951,8522,185.61,118.2,
"3537016","Essex",Town (T),20427,F,19600,F,F,F,,4.2,8694,8080,277.97,73.5,
"3537013","Kingsville",Town (T),21552,F,21362,F,F,F,,0.9,8359,7973,246.83,87.3,
"3537064","Lakeshore",Town (T),36611,F,34546,F,F,F,,6.0,13900,13185,530.33,69.0,
"3537034","LaSalle",Town (T),30180,F,28643,F,F,F,,5.4,10793,10689,65.35,461.8,
"3537003","Leamington",Municipality (MU),27595,F,28403,F,F,F,,-2.8,10726,9995,262.01,105.3,
"3537001","Pelee",Township (TP),235,F,171,F,F,F,,37.4,382,93,41.79,5.6,
"3537048","Tecumseh",Town (T),23229,F,23610,F,F,F,,-1.6,8987,8884,94.64,245.4,
"3537039","Windsor",City (CY),217188,F,210891,F,F,F,,3.0,97777,91632,146.38,1483.8,
"3510","Frontenac",,150475,F,149753,T,F,F,,0.5,77155,64295,3787.76,39.7,
"3510035","Central Frontenac",Township (TP),4373,F,4556,F,F,F,,-4.0,3726,1885,1025.20,4.3,
"3510005","Frontenac Islands",Township (TP),1760,F,1864,F,F,F,,-5.6,1273,783,175.04,10.1,
"3510010","Kingston",City (CY),123798,F,123363,F,F,F,,0.4,59977,53518,451.19,274.4,
"3510045","North Frontenac",Township (TP),1898,F,1857,T,F,F,D,2.2,2966,923,1164.77,1.6,
"3510020","South Frontenac",Township (TP),18646,F,18113,F,F,F,,2.9,9213,7186,971.56,19.2,
"3553","Greater Sudbury",,161647,F,160376,F,F,F,,0.8,75103,69200,3239.02,49.9,
"3553005","Greater Sudbury",City (CV),161531,F,160274,F,F,F,,0.8,75029,69152,3228.35,50.0,
"350140","Onaping - Levack",Retired population centre (RPC),1990,F,2025,T,F,F,D,-1.7,923,873,8.29,239.9,
"3553040","Wahnapitei 11",Indian reserve (IRI),116,F,102,F,F,F,,13.7,74,48,10.67,10.9,
"3542","Grey",,93830,F,92568,F,F,F,,1.4,47560,39563,4513.50,20.8,
"3542037","Chatsworth",Township (TP),6630,F,6437,F,F,F,,3.0,2988,2551,596.19,11.1,
"350063","Chatsworth",Dissolved municipality (DMU),535,F,513,F,F,F,,4.3,225,216,0.76,701.0,
"3542053","Georgian Bluffs",Township (TP),10479,F,10404,F,F,F,,0.7,5069,4258,604.37,17.3,
"350064","Shallow Lake",Dissolved municipality (DMU),505,F,447,F,F,F,,13.0,213,204,1.91,265.0,
"3542015","Grey Highlands",Municipality (MU),9804,F,9520,F,F,F,,3.0,5299,3904,882.51,11.1,
"350062","Flesherton",Dissolved municipality (DMU),584,F,648,F,F,F,,-9.9,276,257,3.61,161.6,
"3542029","Hanover",Town (T),7688,F,7490,F,F,F,,2.6,3404,3336,9.80,784.9,
"3542047","Meaford",Municipality (MU),10991,F,11100,F,F,F,,-1.0,5590,4830,588.57,18.7,
"3542059","Owen Sound",City (CY),21341,F,21688,F,F,F,,-1.6,10098,9630,24.27,879.2,
"3542005","Southgate",Township (TP),7354,F,7190,F,F,F,,2.3,2987,2710,644.38,11.4,
"3542045","The Blue Mountains",Town (T),7025,F,6453,F,F,F,,8.9,6477,3271,287.24,24.5,
"3542004","West Grey",Municipality (MU),12518,F,12286,F,F,F,,1.9,5648,5073,876.16,14.3,
"350061","Neustadt",Dissolved municipality (DMU),517,F,533,F,F,F,,-3.0,247,234,2.88,179.3,
"3528","Haldimand-Norfolk",,109787,T,109118,F,F,F,,0.6,48249,43559,2894.76,37.9,
"3528018","Haldimand County",City (CY),45608,F,44876,F,F,F,,1.6,19472,17502,1251.54,36.4,
"3528035","New Credit (Part) 40A",Indian reserve (IRI),135,F,121,F,F,F,,11.6,57,50,5.08,26.6,
"3528052","Norfolk County",City (CY),64044,F,63175,F,F,F,,1.4,28720,26007,1607.55,39.8,
"3528037","Six Nations (Part) 40",Indian reserve (IRI),,T,946,F,F,F,,,,,30.59,,
"3546","Haliburton",,18062,F,17056,T,F,F,,5.9,21113,8443,4076.08,4.4,
"3546018","Algonquin Highlands",Township (TP),2351,F,2186,T,F,F,D,7.5,3453,1108,1007.20,2.3,
"3546024","Dysart et al",Municipality (MU),6280,F,5966,F,F,F,,5.3,7083,2891,1485.98,4.2,
"3546005","Highlands East",Municipality (MU),3343,F,3249,F,F,F,,2.9,4485,1611,704.63,4.7,
"3546015","Minden Hills",Township (TP),6088,F,5655,F,F,F,,7.7,6092,2833,878.27,6.9,
"3524","Halton",,548435,F,501674,T,F,F,,9.3,198164,192977,964.05,568.9,
"3524002","Burlington",City (CY),183314,F,175779,F,F,F,,4.3,72535,71373,185.66,987.3,
"3524015","Halton Hills",Town (T),61161,F,59013,T,F,F,D,3.6,21475,21078,276.27,221.4,
"3524009","Milton",Town (T),110128,F,84362,F,F,F,,30.5,35537,34257,363.22,303.2,
"3524001","Oakville",Town (T),193832,F,182520,F,F,F,,6.2,68617,66269,138.89,1395.6,
"3525","Hamilton",,536917,F,519949,F,F,F,,3.3,222918,211596,1117.29,480.6,
"3525005","Hamilton",City (C),536917,F,519949,F,F,F,,3.3,222918,211596,1117.29,480.6,
"350259","Mount Hope",Retired population centre (RPC),2368,F,1904,T,F,F,D,24.4,729,720,1.44,1646.2,
"3512","Hastings",,136445,F,134934,F,F,F,,1.1,65136,57017,6103.92,22.4,
"3512061","Bancroft",Town (T),3881,F,3880,F,F,F,,0.0,1944,1750,229.51,16.9,
"3512005","Belleville",City (CY),50716,F,49454,F,F,F,,2.6,22744,21732,247.25,205.1,
"3512065","Carlow/Mayo",Township (TP),864,F,892,F,F,F,,-3.1,627,377,390.79,2.2,
"3512026","Centre Hastings",Municipality (MU),4774,F,4574,T,F,F,D,4.4,2161,1904,222.86,21.4,
"3512002","Deseronto",Town (T),1774,F,1835,F,F,F,,-3.3,775,741,2.51,705.7,
"3512058","Faraday",Township (TP),1401,F,1468,F,F,F,,-4.6,1261,631,219.62,6.4,
"3512076","Hastings Highlands",Municipality (MU),4078,F,4168,F,F,F,,-2.2,3684,1820,972.35,4.2,
"3512051","Limerick",Township (TP),346,F,352,F,F,F,,-1.7,541,158,205.37,1.7,
"3512036","Madoc",Township (TP),2078,F,2166,T,F,F,D,-4.1,889,804,277.97,7.5,
"3512046","Marmora and Lake",Municipality (MU),3953,F,4074,F,F,F,,-3.0,2521,1726,557.08,7.1,
"350047","Deloro",Dissolved municipality (DMU),139,F,153,F,F,F,,-9.2,69,60,1.05,132.5,
"3512015","Quinte West",City (CY),43577,F,43086,F,F,F,,1.1,18646,17828,494.02,88.2,
"3512020","Stirling-Rawdon",Township (TP),4882,F,4978,F,F,F,,-1.9,2029,1896,282.33,17.3,
"3512048","Tudor and Cashel",Township (TP),586,F,586,F,F,F,,0.0,768,268,445.66,1.3,
"3512030","Tweed",Municipality (MU),6044,F,6057,F,F,F,,-0.2,3023,2569,953.47,6.3,
"3512001","Tyendinaga",Township (TP),4297,F,4150,F,F,F,,3.5,1631,1546,312.92,13.7,
"3512004","Tyendinaga Mohawk Territory",Indian reserve (IRI),2524,F,2506,F,F,F,,0.7,1101,955,71.06,35.5,
"3512054","Wollaston",Township (TP),670,F,708,F,F,F,,-5.4,791,312,219.14,3.1,
"3540","Huron",,59297,F,59100,F,F,F,,0.3,28369,24194,3399.27,17.4,
"3540063","Ashfield-Colborne-Wawanosh",Township (TP),5422,F,5582,F,F,F,,-2.9,3030,2107,586.97,9.2,
"3540010","Bluewater",Municipality (MU),7136,F,7044,F,F,F,,1.3,4532,3027,417.00,17.1,
"350078","Bayfield",Dissolved municipality (DMU),1218,F,1023,F,F,F,,19.1,907,608,2.77,439.9,
"350253","Hensall",Retired population centre (RPC),1078,F,1173,T,F,F,D,-8.1,467,438,1.89,569.0,
"350077","Zurich",Dissolved municipality (DMU),917,F,865,F,F,F,,6.0,406,391,0.85,1083.9,
"3540025","Central Huron",Municipality (MU),7576,F,7586,T,F,F,D,-0.1,3823,3127,449.58,16.9,
"3540028","Goderich",Town (T),7628,F,7526,T,F,F,D,1.4,3676,3482,8.64,882.8,
"3540046","Howick",Township (TP),3873,F,3856,F,F,F,,0.4,1372,1295,287.06,13.5,
"3540040","Huron East",Municipality (MU),9138,F,9264,F,F,F,,-1.4,3825,3630,669.22,13.7,
"3540050","Morris-Turnberry",Municipality (MU),3496,F,3413,F,F,F,,2.4,1258,1192,376.56,9.3,
"3540055","North Huron",Township (TP),4932,F,4884,F,F,F,,1.0,2209,2085,178.82,27.6,
"350079","Blyth",Dissolved municipality (DMU),989,F,1005,F,F,F,,-1.6,442,425,2.50,396.0,
"3540005","South Huron",Municipality (MU),10096,F,9945,F,F,F,,1.5,4644,4249,425.41,23.7,
"3516","Kawartha Lakes",,75423,F,73219,T,F,F,,3.0,38444,31106,3084.38,24.5,
"3516010","Kawartha Lakes",City (CY),75423,F,73219,T,F,F,D,3.0,38444,31106,3084.38,24.5,
"350073","Woodville",Dissolved municipality (DMU),826,F,857,F,F,F,,-3.6,339,329,2.27,363.1,
"3560","Kenora",,65533,T,57607,F,T,F,,13.8,31191,23931,407268.65,0.2,
"3560051","Attawapiskat 91A",Indian reserve (IRI),1501,F,,F,T,F,,,415,387,1.79,840.0,
"3560095","Bearskin Lake",Indian reserve (IRI),355,F,,F,T,F,E,,140,109,143.83,2.5,
"3560054","Cat Lake 63C",Indian reserve (IRI),565,F,489,F,F,F,,15.5,140,136,17.71,31.9,
"3560070","Deer Lake",Indian reserve (IRI),867,F,763,F,F,F,,13.6,244,211,17.56,49.4,
"3560027","Dryden",City (CY),7749,F,7617,F,F,F,,1.7,3541,3361,66.19,117.1,
"3560024","Eagle Lake 27",Indian reserve (IRI),224,F,227,F,F,F,,-1.3,100,97,32.79,6.8,
"3560032","Ear Falls",Township (TP),995,F,1026,F,F,F,,-3.0,490,407,330.96,3.0,
"3560058","English River 21",Indian reserve (IRI),638,F,639,F,F,F,,-0.2,223,198,39.69,16.1,
"3560050","Fort Albany (Part) 67",Indian reserve (IRI),1404,F,1520,F,F,F,,-7.6,284,251,359.55,3.9,
"3560053","Fort Hope 64",Indian reserve (IRI),1014,F,,F,T,F,E,,239,233,244.29,4.2,
"3560078","Fort Severn 89",Indian reserve (IRI),361,F,334,F,F,F,,8.1,100,81,44.07,8.2,
"3560001","Ignace",Township (TP),1202,F,1202,F,F,F,,0.0,711,564,72.82,16.5,
"3560096","Kasabonika Lake",Indian reserve (IRI),849,F,,F,T,F,E,,212,179,101.51,8.4,
"3560104","Kee-Way-Win",Indian reserve (IRI),421,F,340,F,F,F,,23.8,98,89,191.19,2.2,
"3560010","Kenora",City (CY),15096,F,15348,F,F,F,,-1.6,7376,6475,211.59,71.3,
"3560066","Kenora 38B",Indian reserve (IRI),421,F,394,F,F,F,,6.9,144,134,19.78,21.3,
"3560090","Kenora, Unorganized",Unorganized (NO),6737,F,7031,F,F,F,,-4.2,6630,2824,400813.46,0.0,
"350013","Minaki",Local service board (LSB),173,F,133,F,F,F,,30.1,423,68,148.20,1.2,
"350083","Nestor Falls part B",Local service board (LSB),0,F,0,F,F,F,,,22,0,47.52,0.0,
"350012","Redditt",Local service board (LSB),116,F,153,F,F,F,,-24.2,163,52,69.66,1.7,
"350014","Wabigoon",Local service board (LSB),373,F,427,F,F,F,,-12.6,189,147,51.22,7.3,
"3560098","Kingfisher Lake 1",Indian reserve (IRI),511,F,,F,T,F,E,,114,103,9.29,55.0,
"3560075","Kitchenuhmaykoosib Aaki 84 (Big Trout Lake)",Indian reserve (IRI),1024,F,904,F,F,F,,13.3,327,306,289.96,3.5,
"3560056","Lac Seul 28",Indian reserve (IRI),974,F,872,F,F,F,,11.7,327,297,239.16,4.1,
"3560065","Lake Of The Woods 37",Indian reserve (IRI),62,F,46,F,F,F,,34.8,20,15,11.74,5.3,
"3560081","Lansdowne House",Indian Settlement (S-É),0,F,0,F,F,F,,,0,0,1.29,0.0,
"3560021","Machin",Municipality (MU),971,F,935,F,F,F,,3.9,597,439,291.81,3.3,
"3560052","Marten Falls 65",Indian reserve (IRI),252,F,190,F,F,F,,32.6,77,64,81.43,3.1,
"3560102","McDowell Lake",Indian Settlement (S-É),0,F,0,F,F,F,,,0,0,1.94,0.0,
"3560097","Muskrat Dam Lake",Indian reserve (IRI),281,F,260,F,F,F,,8.1,112,84,27.40,10.3,
"3560093","Neskantaga",Indian reserve (IRI),237,F,,F,T,F,E,,85,71,10.29,23.0,
"3560080","North Spirit Lake",Indian reserve (IRI),293,F,263,F,F,F,,11.4,91,78,21.71,13.5,
"3560060","Northwest Angle 33B",Indian reserve (IRI),95,F,86,F,F,F,,10.5,43,34,12.90,7.4,
"3560055","Osnaburgh 63B",Indian reserve (IRI),435,F,425,F,F,F,,2.4,110,86,119.90,3.6,
"3560091","Peawanuck",Indian Settlement (S-É),195,F,237,F,F,F,,-17.7,82,68,3.48,56.0,
"3560049","Pickle Lake",Township (TP),388,F,425,F,F,F,,-8.7,223,146,252.18,1.5,
"3560077","Pikangikum 14",Indian reserve (IRI),,T,,F,T,F,E,,,,8.59,,
"3560067","Poplar Hill",Indian reserve (IRI),473,F,,F,T,F,E,,116,92,7.24,65.4,
"3560069","Rat Portage 38A",Indian reserve (IRI),140,F,362,F,F,F,,-61.3,231,46,29.91,4.7,
"3560042","Red Lake",Municipality (MU),4107,F,4670,F,F,F,A,-12.1,1938,1682,610.06,6.7,
"350017","Madsen",Local service board (LSB),147,F,198,F,F,F,,-25.8,84,71,53.41,2.8,
"3560007","Sabaskong Bay (Part) 35C",Indian reserve (IRI),0,F,0,F,F,F,,,0,0,5.39,0.0,
"3560063","Sabaskong Bay 35D",Indian reserve (IRI),371,F,387,F,F,F,,-4.1,121,117,5.00,74.2,
"3560076","Sachigo Lake 1",Indian reserve (IRI),514,F,,F,T,F,E,,137,116,38.19,13.5,
"3560071","Sandy Lake 88",Indian reserve (IRI),2017,F,1861,F,F,F,,8.4,516,472,43.40,46.5,
"3560068","Shoal Lake (Part) 39A",Indian reserve (IRI),391,F,388,F,F,F,,0.8,158,147,32.83,11.9,
"3560082","Shoal Lake (Part) 40",Indian reserve (IRI),71,F,101,F,F,F,,-29.7,23,22,4.80,14.8,
"3560064","Shoal Lake 34B2",Indian reserve (IRI),151,F,97,F,F,F,,55.7,57,48,1.85,81.7,
"3560034","Sioux Lookout",Municipality (MU),5272,F,5037,F,F,F,,4.7,2257,2019,378.12,13.9,
"350016","Hudson",Local service board (LSB),270,F,288,F,F,F,,-6.3,143,114,17.29,15.6,
"3560008","Sioux Narrows-Nestor Falls",Township (TP),567,F,720,F,F,F,,-21.3,797,239,1223.12,0.5,
"350011","Nestor Falls part A",Local service board (LSB),242,F,311,F,F,F,,-22.2,244,95,434.27,0.6,
"3560046","Slate Falls",Indian Settlement (S-É),187,F,186,F,F,F,,0.5,60,50,8.75,21.4,
"3560086","Summer Beaver",Indian Settlement (S-É),382,F,,F,T,F,E,,102,88,15.53,24.6,
"3560089","The Dalles 38C",Indian reserve (IRI),194,F,195,F,F,F,,-0.5,60,57,32.82,5.9,
"3560061","Wabaseemoong",Indian reserve (IRI),827,F,832,F,F,F,,-0.6,233,212,75.54,10.9,
"3560084","Wabauskang 21",Indian reserve (IRI),70,F,75,F,F,F,,-6.7,29,26,30.00,2.3,
"3560057","Wabigoon Lake 27",Indian reserve (IRI),168,F,184,F,F,F,,-8.7,75,75,46.12,3.6,
"3560088","Wapekeka 2",Indian reserve (IRI),440,F,368,F,F,F,,19.6,127,110,25.12,17.5,
"3560100","Wawakapewin (Long Dog Lake)",Indian reserve (IRI),22,F,,F,T,F,E,,13,8,62.98,0.3,
"3560059","Weagamow Lake 87",Indian reserve (IRI),886,F,,F,T,F,E,,266,241,92.05,9.6,
"3560079","Webequie",Indian reserve (IRI),778,F,,F,T,F,E,,165,154,303.90,2.6,
"3560004","Whitefish Bay 32A",Indian reserve (IRI),575,F,670,F,F,F,,-14.2,191,174,18.83,30.5,
"3560005","Whitefish Bay 33A",Indian reserve (IRI),96,F,79,F,F,F,,21.5,39,34,12.80,7.5,
"3560083","Whitefish Bay 34A",Indian reserve (IRI),124,F,126,F,F,F,,-1.6,42,37,5.55,22.3,
"3560085","Wunnumin 1",Indian reserve (IRI),593,F,,F,T,F,E,,143,138,66.94,8.9,
"3538","Lambton",,126638,F,126199,F,T,F,,0.3,59777,54481,3002.25,42.2,
"3538015","Brooke-Alvinston",Municipality (MU),2411,F,2548,F,F,F,,-5.4,994,947,311.31,7.7,
"3538007","Dawn-Euphemia",Township (TP),1967,F,2049,F,F,F,,-4.0,843,767,445.12,4.4,
"3538016","Enniskillen",Township (TP),2796,F,2930,F,F,F,,-4.6,1093,1056,338.16,8.3,
"3538056","Kettle Point 44",Indian reserve (IRI),1011,F,936,F,F,F,,8.0,765,427,9.22,109.7,
"3538040","Lambton Shores",Municipality (MU),10631,F,10656,F,F,F,,-0.2,7008,4783,331.20,32.1,
"350074","Arkona",Dissolved municipality (DMU),634,F,579,F,F,F,,9.5,277,269,2.52,251.5,
"350075","Thedford",Dissolved municipality (DMU),749,F,804,F,F,F,,-6.8,345,311,2.24,333.9,
"3538018","Oil Springs",Village (VL),648,F,704,F,F,F,,-8.0,285,272,8.19,79.1,
"3538019","Petrolia",Town (T),5742,F,5528,F,F,F,,3.9,2323,2277,12.68,452.8,
"3538035","Plympton-Wyoming",Town (T),7795,F,7576,F,F,F,,2.9,3416,3054,318.78,24.5,
"3538031","Point Edward",Village (VL),2037,F,2034,F,F,F,,0.1,995,958,3.28,620.6,
"3538030","Sarnia",City (CY),71594,F,72366,F,F,F,,-1.1,33324,31937,164.85,434.3,
"3538025","Sarnia 45",Indian reserve (IRI),639,F,640,F,F,F,,-0.2,274,255,12.57,50.8,
"3538003","St. Clair",Township (TP),14086,F,14515,F,F,F,,-3.0,6243,5785,619.17,22.8,
"3538004","Walpole Island 46",Indian reserve (IRI),1589,F,,F,T,F,,,782,610,137.52,11.6,
"3538043","Warwick",Township (TP),3692,F,3717,F,F,F,,-0.7,1432,1353,290.20,12.7,
"3509","Lanark",,68698,F,65667,F,F,F,,4.6,32695,28580,3035.64,22.6,
"3509024","Beckwith",Township (TP),7644,F,6986,F,F,F,,9.4,3100,2864,240.47,31.8,
"3509028","Carleton Place",Town (T),10644,F,9809,F,F,F,,8.5,4403,4278,9.05,1176.2,
"3509010","Drummond/North Elmsley",Township (TP),7773,F,7487,F,F,F,,3.8,3607,3097,366.13,21.2,
"3509039","Lanark Highlands",Township (TP),5338,F,5128,F,F,F,,4.1,3315,2294,1048.83,5.1,
"350045","Lanark",Dissolved municipality (DMU),778,F,696,F,F,F,,11.8,377,357,4.81,161.8,
"3509030","Mississippi Mills",Town (T),13163,F,12385,F,F,F,,6.3,5536,5292,519.58,25.3,
"3509001","Montague",Township (TP),3761,F,3483,F,F,F,,8.0,1489,1424,279.66,13.4,
"3509021","Perth",Town (T),5930,F,5840,F,F,F,,1.5,3169,3010,12.25,484.1,
"3509004","Smiths Falls",Town (T),8780,F,8978,F,F,F,,-2.2,4387,4066,9.66,909.1,
"3509015","Tay Valley",Township (TP),5665,F,5571,F,F,F,,1.7,3689,2255,550.01,10.3,
"3507","Leeds and Grenville",,100546,F,99306,F,F,F,,1.2,48226,42749,3382.89,29.7,
"3507042","Athens",Township (TP),3013,F,3118,F,F,F,,-3.4,1336,1187,127.88,23.6,
"350072","Athens",Dissolved municipality (DMU),982,F,1015,F,F,F,,-3.3,430,422,2.12,462.5,
"3507006","Augusta",Township (TP),7353,F,7430,F,F,F,,-1.0,3004,2909,314.66,23.4,
"3507015","Brockville",City (CY),21346,F,21870,F,F,F,,-2.4,10826,10266,20.85,1023.6,
"3507004","Edwardsburgh/Cardinal",Township (TP),7093,F,6959,F,F,F,,1.9,3110,2918,311.25,22.8,
"3507014","Elizabethtown-Kitley",Township (TP),9854,F,9724,F,F,F,,1.3,3988,3737,557.71,17.7,
"3507017","Front of Yonge",Township (TP),2607,F,2752,F,F,F,A,-5.3,1193,1057,128.47,20.3,
"3507024","Gananoque",Town (T),5159,F,5194,F,F,F,,-0.7,2516,2404,7.03,733.6,
"3507021","Leeds and the Thousand Islands",Township (TP),9465,F,9277,F,F,F,,2.0,4903,3861,612.45,15.5,
"3507052","Merrickville-Wolford",Village (VL),3067,F,2850,F,F,F,,7.6,1344,1232,214.55,14.3,
"3507065","North Grenville",Municipality (MU),16451,F,15085,F,F,F,,9.1,6658,6439,352.18,46.7,
"3507008","Prescott",Town (T),4222,F,4284,F,F,F,,-1.4,2103,2016,4.93,856.2,
"3507040","Rideau Lakes",Township (TP),10326,F,10207,F,F,F,,1.2,6891,4423,729.22,14.2,
"350044","Newboro",Dissolved municipality (DMU),251,F,267,F,F,F,,-6.0,165,118,4.80,52.3,
"3507033","Westport",Village (VL),590,F,628,F,F,F,,-6.1,354,300,1.68,350.8,
"3511","Lennox and Addington",,42888,F,41809,T,F,F,,2.6,19684,17053,2839.68,15.1,
"3511035","Addington Highlands",Township (TP),2323,F,2517,T,F,F,D,-7.7,2328,1034,1328.32,1.7,
"3511015","Greater Napanee",Town (T),15892,F,15511,F,F,F,,2.5,7206,6580,461.17,34.5,
"3511005","Loyalist",Township (TP),16971,F,16221,F,F,F,,4.6,6710,6428,341.02,49.8,
"3511030","Stone Mills",Township (TP),7702,F,7560,F,F,F,,1.9,3440,3011,709.17,10.9,
"350046","Newburgh",Dissolved municipality (DMU),729,F,696,F,F,F,,4.7,296,277,13.01,56.0,
"3551","Manitoulin",,13255,F,13048,F,F,F,,1.6,9537,5748,3107.23,4.3,
"3551011","Assiginack",Township (TP),1013,F,960,F,F,F,,5.5,730,421,226.72,4.5,
"3551021","Billings",Township (TP),603,F,506,F,F,F,,19.2,731,278,209.64,2.9,
"3551028","Burpee and Mills",Township (TP),343,F,308,F,F,F,,11.4,274,151,218.49,1.6,
"3551006","Central Manitoulin",Municipality (MU),2084,F,1958,F,F,F,,6.4,1629,955,431.11,4.8,
"350001","Campbell part A",Local service board (LSB),466,F,427,F,F,F,,9.1,493,210,157.91,3.0,
"3551034","Cockburn Island",Township (TP),0,F,0,F,F,F,,,86,1,171.04,0.0,
"3551027","Gordon/Barrie Island",Municipality (MU),490,F,526,F,F,F,,-6.8,523,223,267.77,1.8,
"3551026","Gore Bay",Town (T),867,F,850,F,F,F,,2.0,447,406,5.23,165.7,
"3551094","Manitoulin, Unorganized, West Part",Unorganized (NO),169,F,160,F,F,F,,5.6,332,102,407.67,0.4,
"350004","Robinson",Local service board (LSB),110,F,116,F,F,F,,-5.2,213,68,229.61,0.5,
"3551045","M'Chigeeng 22 (West Bay 22)",Indian reserve (IRI),884,F,897,F,F,F,,-1.4,485,386,33.30,26.5,
"3551017","Northeastern Manitoulin and the Islands",Municipality (MU),2712,F,2706,F,F,F,,0.2,2313,1182,496.09,5.5,
"350084","Campbell part B",Local service board (LSB),0,F,0,F,F,F,,,0,0,0.00,,
"350003","McGregor Bay part A",Local service board (LSB),10,F,90,F,F,F,,-88.9,339,0,39.67,0.3,
"3551042","Sheguiandah 24",Indian reserve (IRI),134,F,154,F,F,F,,-13.0,66,56,20.77,6.5,
"3551044","Sheshegwaning 20",Indian reserve (IRI),137,F,118,F,F,F,,16.1,71,64,20.29,6.8,
"3551041","Sucker Creek 23",Indian reserve (IRI),372,F,365,F,F,F,,1.9,144,144,6.49,57.3,
"3551001","Tehkummah",Township (TP),436,F,406,F,F,F,,7.4,333,210,132.69,3.3,
"3551040","Whitefish River (Part) 4",Indian reserve (IRI),456,F,487,F,F,F,,-6.4,256,176,40.51,11.3,
"3551043","Wikwemikong Unceded",Indian reserve (IRI),2500,F,2592,F,F,F,,-3.5,1096,972,414.01,6.0,
"3551100","Zhiibaahaasing 19A (Cockburn Island 19A)",Indian reserve (IRI),55,F,55,F,F,F,,0.0,21,21,5.41,10.2,
"3539","Middlesex",,455526,T,439151,F,F,F,,3.7,203349,190045,3317.27,137.3,
"3539047","Adelaide-Metcalfe",Township (TP),2990,F,3028,F,F,F,,-1.3,1045,992,331.46,9.0,
"3539017","Chippewas of the Thames First Nation 42",Indian reserve (IRI),,T,762,F,F,F,,,,,42.54,,
"3539036","London",City (CY),383822,F,366151,F,F,F,,4.8,175558,163140,420.35,913.1,
"3539060","Lucan Biddulph",Township (TP),4700,F,4338,F,F,F,,8.3,1837,1785,169.14,27.8,
"3539033","Middlesex Centre",Municipality (MU),17262,F,16487,F,F,F,,4.7,6139,5983,588.11,29.4,
"350258","Komoka",Retired population centre (RPC),1754,F,1532,T,F,F,D,14.5,556,553,1.11,1576.6,
"3539018","Munsee-Delaware Nation 1",Indian reserve (IRI),153,F,160,F,F,F,,-4.4,65,58,11.20,13.7,
"3539002","Newbury",Village (VL),466,F,447,F,F,F,,4.3,184,179,1.77,263.3,
"3539041","North Middlesex",Municipality (MU),6352,F,6658,F,F,F,,-4.6,2399,2336,597.88,10.6,
"3539021","Oneida 41",Indian reserve (IRI),,T,1282,F,F,F,,,,,22.16,,
"3539005","Southwest Middlesex",Municipality (MU),5723,F,5860,F,F,F,,-2.3,2505,2354,427.88,13.4,
"350076","Wardsville",Dissolved municipality (DMU),382,F,431,F,F,F,,-11.4,175,163,2.20,173.6,
"3539015","Strathroy-Caradoc",Municipality (MU),20867,F,20978,F,F,F,,-0.5,8455,8294,270.77,77.1,
"3539027","Thames Centre",Municipality (MU),13191,F,13000,F,F,F,,1.5,5162,4924,433.99,30.4,
"3544","Muskoka",,60599,T,58017,T,T,F,,4.5,46207,25431,3940.48,15.4,
"3544018","Bracebridge",Town (T),16010,F,15414,T,F,F,B,3.9,8874,6734,628.22,25.5,
"3544065","Georgian Bay",Township (TP),2499,F,2482,F,F,F,A,0.7,4700,1131,547.61,4.6,
"3544002","Gravenhurst",Town (T),12311,F,12055,T,F,F,C,2.1,8302,5014,518.06,23.8,
"3544042","Huntsville",Town (T),19816,F,19056,F,F,F,,4.0,10524,8111,710.01,27.9,
"3544027","Lake of Bays",Township (TP),3167,F,3476,T,F,F,C,-8.9,4388,1455,677.91,4.7,
"3544073","Moose Point 79",Indian reserve (IRI),208,F,210,F,F,F,,-1.0,76,72,3.30,63.1,
"3544053","Muskoka Lakes",Township (TP),6588,F,6707,F,F,F,A,-1.8,9343,2914,794.26,8.3,
"3544071","Wahta Mohawk Territory",Indian reserve (IRI),,T,,F,T,F,,,,,61.10,,
"3526","Niagara",,447888,F,431346,F,F,F,,3.8,196241,183828,1854.23,241.5,
"3526003","Fort Erie",Town (T),30710,F,29960,F,F,F,,2.5,15345,13184,166.27,184.7,
"3526065","Grimsby",Town (T),27314,F,25325,F,F,F,,7.9,10581,10376,68.93,396.3,
"3526057","Lincoln",Town (T),23787,F,22487,F,F,F,,5.8,8934,8710,162.81,146.1,
"3526043","Niagara Falls",City (CY),88071,F,82997,F,F,F,,6.1,37265,35773,209.73,419.9,
"3526047","Niagara-on-the-Lake",Town (T),17511,F,15400,F,F,F,,13.7,7964,7089,132.81,131.8,
"3526028","Pelham",Town (T),17110,F,16598,F,F,F,,3.1,6596,6469,126.43,135.3,
"3526011","Port Colborne",City (CY),18306,F,18424,F,F,F,,-0.6,9825,8018,121.96,150.1,
"3526053","St. Catharines",City (CY),133113,F,131400,F,F,F,,1.3,59879,56873,96.13,1384.8,
"3526037","Thorold",City (CY),18801,F,17931,F,F,F,,4.9,8498,7466,82.99,226.5,
"3526014","Wainfleet",Township (TP),6372,F,6356,F,F,F,,0.3,2977,2413,217.31,29.3,
"3526032","Welland",City (CY),52293,F,50631,F,F,F,,3.3,23323,22490,81.04,645.3,
"3526021","West Lincoln",Township (TP),14500,F,13837,F,F,F,,4.8,5054,4967,387.81,37.4,
"3548","Nipissing",,83150,F,84736,F,T,F,,-1.9,41200,36050,17103.78,4.9,
"3548072","Bear Island 1",Indian reserve (IRI),153,F,,F,T,F,,,93,65,2.91,52.7,
"3548027","Bonfield",Township (TP),1975,F,2016,F,F,T,,-2.0,1052,819,208.38,9.5,
"3548022","Calvin",Municipality (MU),516,F,568,F,F,F,,-9.2,251,202,140.98,3.7,
"3548031","Chisholm",Township (TP),1291,F,1263,F,F,F,,2.2,623,506,206.73,6.2,
"3548034","East Ferris",Municipality (MU),4750,F,4766,F,F,T,A,-0.3,2084,1782,155.17,30.6,
"3548021","Mattawa",Town (T),1993,F,2023,F,F,F,,-1.5,979,891,3.66,544.8,
"3548019","Mattawan",Township (TP),161,F,162,F,F,F,,-0.6,104,72,201.00,0.8,
"3548073","Nipissing 10",Indian reserve (IRI),1593,F,1450,F,F,F,,9.9,758,664,60.93,26.1,
"3548094","Nipissing, Unorganized, North Part",Unorganized (NO),1784,F,1853,F,F,F,,-3.7,996,794,3755.32,0.5,
"350029","Thorne",Local service board (LSB),204,F,196,F,F,F,,4.1,102,95,0.67,305.6,
"3548091","Nipissing, Unorganized, South Part",Unorganized (NO),103,F,80,F,F,F,,28.8,273,38,6710.22,0.0,
"3548044","North Bay",City (CY),51553,F,53651,F,F,F,,-3.9,24799,22614,319.11,161.6,
"3548013","Papineau-Cameron",Township (TP),1016,F,978,F,F,F,,3.9,514,419,566.39,1.8,
"3548001","South Algonquin",Township (TP),1096,F,1211,F,F,F,,-9.5,855,528,873.43,1.3,
"350023","Madawaska",Local service board (LSB),347,F,371,F,F,F,,-6.5,220,161,264.91,1.3,
"3548069","Temagami",Municipality (MU),802,F,840,F,F,F,A,-4.5,806,375,1905.92,0.4,
"3548055","West Nipissing",Municipality (M),14364,F,14149,F,F,F,,1.5,7013,6281,1993.63,7.2,
"350067","Cache Bay",Dissolved municipality (DMU),641,F,643,F,F,F,,-0.3,277,272,2.87,223.1,
"3514","Northumberland",,85598,F,82126,F,F,F,,4.2,39032,35686,1905.15,44.9,
"3514027","Alderville First Nation",Indian reserve (IRI),495,F,469,F,F,F,,5.5,266,226,12.59,39.3,
"3514024","Alnwick/Haldimand",Township (TP),6869,F,6617,F,F,F,,3.8,3064,2619,398.45,17.2,
"3514004","Brighton",Municipality (MU),11844,F,10928,F,F,F,,8.4,5099,4777,222.71,53.2,
"3514021","Cobourg",Town (T),19440,F,18519,F,F,F,,5.0,8958,8639,22.36,869.3,
"3514014","Cramahe",Township (TP),6355,F,6073,F,F,F,,4.6,2780,2568,202.16,31.4,
"3514019","Hamilton",Township (TP),10942,F,10702,F,F,F,,2.2,4677,4276,256.08,42.7,
"3514020","Port Hope",Municipality (MU),16753,F,16214,F,F,F,,3.3,7305,7075,278.87,60.1,
"3514045","Trent Hills",Municipality (MU),12900,F,12604,F,F,F,,2.3,6883,5506,511.95,25.2,
"3506","Ottawa",,934243,F,883391,F,F,F,,5.8,395985,373756,2790.30,334.8,
"3506008","Ottawa",City (CV),934243,F,883391,F,F,F,,5.8,395985,373756,2790.30,334.8,
"350254","Munster",Retired population centre (RPC),939,F,1242,T,F,F,D,-24.4,335,332,0.67,1400.2,
"3532","Oxford",,110862,F,105719,F,F,F,,4.9,45350,44266,2039.61,54.4,
"3532045","Blandford-Blenheim",Township (TP),7399,F,7359,F,F,F,,0.5,2817,2728,382.33,19.4,
"3532038","East Zorra-Tavistock",Township (TP),7129,F,6836,F,F,F,,4.3,2774,2703,242.30,29.4,
"3532018","Ingersoll",Town (T),12757,F,12146,F,F,F,,5.0,5192,5088,12.75,1000.7,
"3532002","Norwich",Township (TP),11001,F,10721,F,F,F,,2.6,3826,3712,431.27,25.5,
"3532012","South-West Oxford",Township (TP),7664,F,7544,F,F,F,,1.6,2753,2687,370.73,20.7,
"3532004","Tillsonburg",Town (T),15872,F,15301,F,F,F,,3.7,7297,7127,22.33,710.8,
"3532042","Woodstock",City (CY),40902,F,37754,F,F,F,,8.3,17530,17151,48.97,835.3,
"3532027","Zorra",Township (TP),8138,F,8058,F,F,F,,1.0,3161,3070,528.94,15.4,
"3549","Parry Sound",,42824,F,42162,F,F,F,,1.6,35226,18679,9326.48,4.6,
"3549019","Armour",Township (TP),1414,F,1372,F,F,F,,3.1,1080,610,164.64,8.6,
"3549022","Burk's Falls",Village (VL),981,F,967,F,F,F,,1.4,510,467,3.07,319.2,
"3549066","Callander",Municipality (MU),3863,F,3864,F,F,F,,0.0,1710,1576,105.98,36.4,
"3549036","Carling",Township (TP),1125,F,1248,F,F,F,,-9.9,2283,499,248.85,4.5,
"3549077","Dokis 9",Indian reserve (IRI),344,F,204,F,F,F,,68.6,157,146,154.41,2.2,
"3549076","French River 13",Indian reserve (IRI),117,F,137,F,F,F,,-14.6,54,51,27.04,4.3,
"3549075","Henvey Inlet 2",Indian reserve (IRI),5,F,28,F,F,F,,-82.1,8,5,85.96,0.1,
"3549051","Joly",Township (TP),304,F,284,F,F,F,,7.0,164,135,194.73,1.6,
"3549018","Kearney",Town (T),882,F,841,F,F,F,,4.9,1155,410,532.00,1.7,
"3549054","Machar",Township (TP),882,F,923,F,F,F,,-4.4,848,396,184.35,4.8,
"3549043","Magnetawan",Municipality (MU),1390,F,1454,F,F,F,,-4.4,1698,630,531.53,2.6,
"350086","Croft part A",Local service board (LSB),386,F,395,F,F,F,,-2.3,659,180,150.75,2.6,
"350069","Magnetawan",Dissolved municipality (DMU),259,F,264,F,F,F,,-1.9,150,121,1.59,163.3,
"3549078","Magnetewan 1",Indian reserve (IRI),101,F,93,F,F,F,,8.6,37,35,47.66,2.1,
"3549031","McDougall",Municipality (MU),2702,F,2705,F,F,F,,-0.1,1521,1100,268.48,10.1,
"350021","Ferguson",Local service board (LSB),392,F,392,F,F,F,,0.0,334,178,46.53,8.4,
"3549028","McKellar",Township (TP),1111,F,1144,F,F,F,,-2.9,1520,525,180.88,6.1,
"3549012","McMurrich/Monteith",Township (TP),824,F,779,F,F,F,,5.8,752,386,277.92,3.0,
"3549071","Nipissing",Township (TP),1707,F,1704,F,F,F,,0.2,1051,707,393.80,4.3,
"3549073","Parry Island First Nation",Indian reserve (IRI),317,F,419,F,F,F,,-24.3,372,126,72.36,4.4,
"3549032","Parry Sound",Town (T),6408,F,6191,F,F,F,,3.5,3150,2926,13.40,478.2,
"3549096","Parry Sound, Unorganized, Centre Part",Unorganized (NO),2143,F,2271,F,F,F,A,-5.6,2530,1047,2698.17,0.8,
"350022","Britt part A",Local service board (LSB),273,F,321,F,F,F,,-15.0,266,151,35.63,7.7,
"350020","Restoule",Local service board (LSB),455,F,440,F,F,F,,3.4,539,219,125.64,3.6,
"3549095","Parry Sound, Unorganized, North East Part",Unorganized (NO),187,F,222,F,F,F,A,-15.8,102,82,183.29,1.0,
"3549014","Perry",Township (TP),2454,F,2317,F,F,F,,5.9,1676,1041,187.22,13.1,
"3549060","Powassan",Municipality (MU),3455,F,3378,F,F,F,,2.3,1381,1326,224.56,15.4,
"350082","Trout Creek",Dissolved municipality (DMU),538,F,552,F,F,F,,-2.5,222,219,3.13,171.9,
"3549024","Ryerson",Township (TP),648,F,634,F,F,F,,2.2,580,302,187.92,3.4,
"3549003","Seguin",Township (TP),4304,F,3988,F,F,F,,7.9,4744,1821,595.68,7.2,
"350068","Rosseau",Dissolved municipality (DMU),223,F,256,F,F,F,,-12.9,148,107,1.76,126.8,
"3549072","Shawanaga 17",Indian reserve (IRI),195,F,213,F,F,F,,-8.5,93,82,32.12,6.1,
"3549056","South River",Village (VL),1114,F,1049,F,F,F,,6.2,528,490,4.15,268.3,
"3549046","Strong",Township (TP),1439,F,1341,F,F,F,,7.3,922,612,159.93,9.0,
"3549048","Sundridge",Village (VL),961,F,985,F,F,F,,-2.4,497,451,2.30,417.6,
"3549005","The Archipelago",Township (TP),531,F,566,F,F,F,,-6.2,2693,251,606.14,0.9,
"3549039","Whitestone",Municipality (MU),916,F,918,F,F,F,,-0.2,1410,444,957.93,1.0,
"350087","Croft part B",Local service board (LSB),50,F,128,F,F,F,,-60.9,34,23,30.68,1.6,
"3521","Peel",,1381739,F,1296809,T,F,F,,6.5,443918,430180,1246.95,1108.1,
"3521010","Brampton",City (CY),593638,F,523906,T,F,F,D,13.3,173428,168011,266.36,2228.7,
"3521024","Caledon",Town (T),66502,F,59460,F,F,F,,11.8,22021,21256,688.16,96.6,
"3521005","Mississauga",City (CY),721599,F,713443,F,F,F,,1.1,248469,240913,292.43,2467.6,
"3531","Perth",,76796,F,75112,F,F,F,,2.2,31747,30713,2218.52,34.6,
"3531040","North Perth",Municipality (MU),13130,F,12631,F,F,F,,4.0,5340,5098,493.14,26.6,
"3531030","Perth East",Township (TP),12261,F,12011,T,F,F,D,2.1,4080,3993,712.14,17.2,
"3531013","Perth South",Township (TP),3810,F,3993,F,F,F,,-4.6,1431,1385,393.14,9.7,
"3531016","St. Marys",Town (T),7265,F,6655,F,F,F,,9.2,3094,3026,12.45,583.5,
"3531011","Stratford",City (CY),31465,F,30903,T,F,F,D,1.8,14302,13847,28.28,1112.5,
"3531025","West Perth",Municipality (MU),8865,F,8919,F,F,F,,-0.6,3500,3364,579.36,15.3,
"3515","Peterborough",,138236,F,134928,T,F,F,,2.5,70551,57743,3848.20,35.9,
"3515003","Asphodel-Norwood",Township (TP),4109,F,4041,F,F,F,,1.7,1758,1632,161.02,25.5,
"3515013","Cavan Monaghan",Township (TP),8829,F,8601,F,F,F,,2.7,3271,3187,306.33,28.8,
"3515019","Curve Lake First Nation 35",Indian reserve (IRI),1059,F,1003,F,F,F,,5.6,613,457,6.61,160.1,
"3515023","Douro-Dummer",Township (TP),6709,F,6805,F,F,F,,-1.4,3434,2577,458.95,14.6,
"3515030","Havelock-Belmont-Methuen",Township (TP),4530,F,4523,F,F,F,,0.2,3936,2015,542.73,8.3,
"3515008","Hiawatha First Nation",Indian reserve (IRI),362,F,362,F,F,F,,0.0,211,154,8.16,44.4,
"3515037","North Kawartha",Township (TP),2479,F,2289,F,F,F,,8.3,3552,1114,776.01,3.2,
"3515005","Otonabee-South Monaghan",Township (TP),6670,F,6581,T,F,F,D,1.4,2944,2591,347.13,19.2,
"3515014","Peterborough",City (CY),81032,F,78777,T,F,F,D,2.9,36785,34710,64.25,1261.2,
"3515015","Selwyn",Township (TP),17060,F,16846,F,F,F,,1.3,8404,6857,315.69,54.0,
"3515044","Trent Lakes",Municipality (MU),5397,F,5100,T,F,F,D,5.8,5643,2449,861.32,6.3,
"3502","Prescott and Russell",,89333,F,85381,F,F,F,,4.6,36783,35389,2004.47,44.6,
"3502023","Alfred and Plantagenet",Township (TP),9680,F,9196,F,F,F,,5.3,4218,3959,392.31,24.7,
"350043","Plantagenet",Dissolved municipality (DMU),1027,F,1055,F,F,F,,-2.7,445,417,3.94,260.5,
"3502044","Casselman",Village (VL),3548,F,3626,F,F,F,,-2.2,1480,1435,5.12,693.4,
"3502010","Champlain",Township (TP),8706,F,8573,F,F,F,,1.6,3910,3700,207.27,42.0,
"3502036","Clarence-Rockland",City (C),24512,F,23185,F,F,F,,5.7,9537,9329,297.71,82.3,
"3502001","East Hawkesbury",Township (TP),3296,F,3335,F,F,F,,-1.2,1482,1372,235.01,14.0,
"3502008","Hawkesbury",Town (T),10263,F,10551,F,F,F,,-2.7,5231,4956,9.62,1067.3,
"3502048","Russell",Township (TP),16520,F,15247,F,F,F,,8.3,6008,5873,199.11,83.0,
"3502025","The Nation",Municipality (M),12808,F,11668,F,F,F,,9.8,4917,4765,658.32,19.5,
"350042","St. Isidore",Dissolved municipality (DMU),805,F,752,F,F,F,,7.0,357,349,1.17,688.9,
"3513","Prince Edward",,24735,F,25258,F,F,F,,-2.1,12899,10728,1050.49,23.5,
"3513020","Prince Edward County",City (CY),24735,F,25258,F,F,F,,-2.1,12899,10728,1050.49,23.5,
"350048","Bloomfield",Dissolved municipality (DMU),576,F,597,F,F,F,,-3.5,269,242,2.05,281.2,
"350141","Wellington",Retired population centre (RPC),1932,F,1860,T,F,F,D,3.9,1074,964,7.02,275.4,
"3559","Rainy River",,20110,F,20370,F,F,F,,-1.3,11217,8432,15486.75,1.3,
"3559062","Agency 1",Indian reserve (IRI),0,F,0,F,F,F,,,0,0,0.52,0.0,
"3559011","Alberton",Township (TP),969,F,864,F,F,F,,12.2,366,352,116.66,8.3,
"3559001","Atikokan",Town (T),2753,F,2787,F,F,F,,-1.2,1477,1305,319.52,8.6,
"3559051","Big Grassy River 35G",Indian reserve (IRI),235,F,249,F,F,F,,-5.6,76,71,33.55,7.0,
"3559052","Big Island Mainland 93",Indian reserve (IRI),10,F,0,F,F,F,,,2,2,0.42,23.6,
"3559024","Chapple",Township (TP),638,F,741,F,F,F,,-13.9,313,229,527.94,1.2,
"3559063","Couchiching 16A",Indian reserve (IRI),810,F,796,F,F,F,,1.8,268,262,65.04,12.5,
"3559040","Dawson",Township (TP),468,F,563,F,F,F,,-16.9,292,206,339.50,1.4,
"3559019","Emo",Township (TP),1333,F,1252,F,F,F,,6.5,554,517,203.09,6.6,
"3559012","Fort Frances",Town (T),7739,F,7952,F,F,F,,-2.7,3758,3449,25.51,303.4,
"3559016","La Vallee",Township (TP),938,F,988,F,F,F,,-5.1,395,363,237.84,3.9,
"3559047","Lake of the Woods",Township (TP),230,F,296,F,F,F,,-22.3,521,110,751.31,0.3,
"3559030","Long Sault 12",Indian reserve (IRI),5,F,5,T,F,F,D,0.0,5,2,33.09,0.2,
"3559026","Manitou Rapids 11",Indian reserve (IRI),283,F,314,F,F,F,,-9.9,103,96,22.71,12.5,
"3559031","Morley",Township (TP),481,F,508,T,F,F,D,-5.3,232,178,390.61,1.2,
"3559060","Neguaguon Lake 25D",Indian reserve (IRI),177,F,192,F,F,F,,-7.8,76,60,63.21,2.8,
"3559068","Rainy Lake 17A",Indian reserve (IRI),211,F,215,F,F,F,,-1.9,76,68,14.36,14.7,
"3559069","Rainy Lake 17B",Indian reserve (IRI),5,F,5,F,F,F,,0.0,2,2,10.05,0.5,
"3559061","Rainy Lake 18C",Indian reserve (IRI),115,F,93,F,F,F,,23.7,39,36,17.66,6.5,
"3559064","Rainy Lake 26A",Indian reserve (IRI),157,F,159,F,F,F,,-1.3,46,43,23.88,6.6,
"3559042","Rainy River",Town (T),807,F,842,F,F,F,,-4.2,434,360,3.11,259.9,
"3559090","Rainy River, Unorganized",Unorganized (NO),1385,F,1159,F,F,F,,19.5,2048,593,12257.85,0.1,
"350088","Nestor Falls part C",Local service board (LSB),0,F,0,F,F,F,,,0,0,73.22,0.0,
"3559048","Sabaskong Bay (Part) 35C",Indian reserve (IRI),0,F,0,F,F,F,,,0,0,2.96,0.0,
"3559053","Saug-a-Gaw-Sing 1",Indian reserve (IRI),98,F,119,F,F,F,,-17.6,44,40,0.64,152.0,
"3559066","Seine River 23A",Indian reserve (IRI),263,F,271,F,F,F,,-3.0,90,88,15.50,17.0,
"3559065","Seine River 23B",Indian reserve (IRI),0,F,0,F,F,F,,,0,0,10.25,0.0,
"3547","Renfrew",,102394,F,101326,F,F,F,,1.1,49860,42779,7448.57,13.7,
"3547043","Admaston/Bromley",Township (TP),2935,F,2844,F,F,F,,3.2,1288,1084,524.06,5.6,
"3547002","Arnprior",Town (T),8795,F,8114,F,F,F,,8.4,4124,3912,13.07,672.7,
"3547035","Bonnechere Valley",Township (TP),3674,F,3763,F,F,F,,-2.4,2317,1619,593.75,6.2,
"3547020","Brudenell, Lyndoch and Raglan",Township (TP),1503,F,1658,F,F,F,,-9.3,963,653,706.24,2.1,
"3547096","Deep River",Town (T),4109,F,4193,F,F,F,,-2.0,1957,1823,50.13,82.0,
"3547008","Greater Madawaska",Township (TP),2518,F,2485,F,F,F,,1.3,2170,1178,1035.59,2.4,
"3547098","Head, Clara and Maria",Township (TP),248,F,235,F,F,F,,5.5,110,108,728.38,0.3,
"3547046","Horton",Township (TP),2887,F,2719,F,F,F,,6.2,1385,1173,158.51,18.2,
"3547033","Killaloe, Hagarty and Richards",Township (TP),2420,F,2402,F,F,F,,0.7,1689,1063,396.80,6.1,
"350080","Killaloe",Dissolved municipality (DMU),594,F,629,F,F,F,,-5.6,310,282,6.74,88.2,
"3547090","Laurentian Hills",Town (T),2961,F,2811,F,F,F,,5.3,1387,1253,642.03,4.6,
"350066","Chalk River",Dissolved municipality (DMU),1000,F,954,F,F,F,,4.8,424,407,2.31,432.3,
"3547075","Laurentian Valley",Township (TP),9387,F,9657,F,F,F,,-2.8,3877,3717,551.43,17.0,
"3547030","Madawaska Valley",Township (TP),4123,F,4282,F,F,F,,-3.7,2619,1706,672.51,6.1,
"3547003","McNab/Braeside",Township (TP),7178,F,7371,F,F,F,,-2.6,3125,2884,255.76,28.1,
"350065","Braeside",Dissolved municipality (DMU),190,F,191,F,F,F,,-0.5,78,77,1.86,102.0,
"3547070","North Algona Wilberforce",Township (TP),2915,F,2873,F,F,F,,1.5,1752,1243,378.98,7.7,
"3547064","Pembroke",City (CY),13882,F,14360,F,F,F,,-3.3,6685,6198,14.56,953.3,
"3547076","Petawawa",Town (T),17187,F,15988,F,F,F,,7.5,6747,6334,166.69,103.1,
"3547037","Pikwakanagan (Golden Lake 39)",Indian reserve (IRI),440,F,432,F,F,F,,1.9,214,181,7.81,56.3,
"3547048","Renfrew",Town (T),8223,F,8218,F,F,F,,0.1,4035,3875,12.78,643.4,
"3547056","Whitewater Region",Township (TP),7009,F,6921,F,F,F,,1.3,3416,2775,539.51,13.0,
"350081","Beachburg",Dissolved municipality (DMU),1054,F,1016,F,F,F,,3.7,439,428,4.34,242.8,
"3543","Simcoe",,479650,F,446063,F,F,F,,7.5,206549,183536,4859.64,98.7,
"3543003","Adjala-Tosorontio",Township (TP),10975,F,10603,F,F,F,,3.5,3974,3834,372.34,29.5,
"3543042","Barrie",City (CY),141434,F,136063,T,F,F,B,3.9,54227,52476,99.04,1428.0,
"3543014","Bradford West Gwillimbury",Town (T),35325,F,28077,F,F,F,,25.8,11918,11591,201.04,175.7,
"3543069","Christian Island 30",Indian reserve (IRI),614,F,1249,F,F,F,,-50.8,457,217,52.38,11.7,
"3543070","Christian Island 30A",Indian reserve (IRI),42,F,33,F,F,F,,27.3,14,14,0.11,395.1,
"3543005","Clearview",Township (TP),14151,F,13734,F,F,F,,3.0,6040,5335,557.10,25.4,
"3543031","Collingwood",Town (T),21793,F,19241,F,F,F,,13.3,11617,9556,33.78,645.1,
"3543021","Essa",Township (TP),21083,F,18505,F,F,F,,13.9,7478,7179,280.03,75.3,
"350256","Thornton",Retired population centre (RPC),986,F,1001,T,F,F,D,-1.5,344,339,1.01,977.3,
"3543017","Innisfil",Town (T),36566,F,32727,T,F,F,B,11.7,14875,13364,262.71,139.2,
"3543074","Midland",Town (T),16864,F,16572,F,F,F,,1.8,7739,7374,35.34,477.3,
"3543050","Mnjikaning First Nation 32",Indian reserve (IRI),878,F,870,F,F,F,,0.9,381,352,10.85,80.9,
"3543007","New Tecumseth",Town (T),34242,F,30234,F,F,F,,13.3,13191,12906,274.21,124.9,
"3543052","Orillia",City (CY),31166,F,30586,F,F,F,,1.9,14287,13477,28.58,1090.3,
"3543023","Oro-Medonte",Township (TP),21036,F,20078,F,F,F,,4.8,9013,7989,587.08,35.8,
"3543072","Penetanguishene",Town (T),8962,F,9111,F,F,F,,-1.6,3990,3679,25.58,350.3,
"3543019","Ramara",Township (TP),9488,F,9275,F,F,F,,2.3,6028,4032,418.82,22.7,
"3543015","Severn",Township (TP),13477,F,12377,F,F,F,,8.9,6927,5436,549.75,24.5,
"3543009","Springwater",Township (TP),19059,F,18223,F,F,F,,4.6,7234,6694,536.28,35.5,
"3543071","Tay",Township (TP),10033,F,9736,F,F,F,,3.1,4931,4127,139.07,72.1,
"3543068","Tiny",Township (TP),11787,F,11232,F,F,F,,4.9,9712,4899,336.93,35.0,
"3543064","Wasaga Beach",Town (T),20675,F,17537,F,F,F,,17.9,12516,9005,58.64,352.6,
"3501","Stormont, Dundas and Glengarry",,113429,F,111164,F,T,F,,2.0,50455,47829,3309.87,34.3,
"3501007","Akwesasne (Part) 59",Indian reserve (IRI),1487,F,,F,T,T,,,849,465,11.86,125.4,
"3501012","Cornwall",City (CY),46589,F,46340,F,F,F,,0.5,21659,20931,61.56,756.8,
"3501030","North Dundas",Township (TP),11278,F,11225,F,F,F,,0.5,4642,4481,503.08,22.4,
"3501050","North Glengarry",Township (TP),10109,F,10251,F,F,F,,-1.4,4658,4316,643.46,15.7,
"350041","Maxville",Dissolved municipality (DMU),816,F,811,F,F,F,,0.6,341,316,2.03,401.5,
"3501042","North Stormont",Township (TP),6873,F,6775,F,F,F,,1.4,2717,2630,515.91,13.3,
"350040","Finch",Dissolved municipality (DMU),417,F,474,F,F,F,,-12.0,168,159,2.09,199.6,
"3501020","South Dundas",Municipality (MU),10833,F,10794,F,F,F,,0.4,4830,4555,521.06,20.8,
"3501005","South Glengarry",Township (TP),13150,F,13162,F,F,F,,-0.1,5823,5300,605.36,21.7,
"350039","Lancaster",Dissolved municipality (DMU),750,F,730,F,F,F,,2.7,337,318,0.72,1036.6,
"3501011","South Stormont",Township (TP),13110,F,12617,F,F,F,,3.9,5277,5151,447.58,29.3,
"3552","Sudbury",,21546,F,21196,F,F,F,,1.7,12557,9375,40204.77,0.5,
"3552028","Baldwin",Township (TP),620,F,551,F,F,T,,12.5,277,259,83.20,7.5,
"3552092","Chapleau",Township (TP),1964,F,2116,F,F,F,,-7.2,1022,869,14.22,138.2,
"3552053","Chapleau 74A",Indian reserve (IRI),21,F,31,F,F,F,,-32.3,11,8,7.83,2.7,
"3552058","Chapleau 75",Indian reserve (IRI),0,F,79,F,F,F,,-100.0,0,0,1.15,0.0,
"3552054","Duck Lake 76B",Indian reserve (IRI),85,F,84,F,F,F,,1.2,38,33,1.85,45.9,
"3552026","Espanola",Town (T),4996,F,5364,F,F,T,,-6.9,2351,2191,82.82,60.3,
"350002","Lee Valley",Local service board (LSB),491,F,453,F,F,F,,8.4,215,206,3.14,156.6,
"3552001","French River",Municipality (M),2662,F,2442,F,F,F,,9.0,2108,1220,735.48,3.6,
"350030","Alban part A",Local service board (LSB),990,F,919,F,F,F,,7.7,816,448,130.13,7.6,
"3552036","Killarney",Municipality (MU),386,F,505,F,F,F,,-23.6,388,178,1653.32,0.2,
"350090","Alban part B",Local service board (LSB),58,F,120,F,F,F,,-51.7,55,24,53.44,1.1,
"350089","Britt part B",Local service board (LSB),20,F,5,F,F,F,,300.0,11,5,3.53,5.7,
"350085","McGregor Bay part B",Local service board (LSB),0,F,0,F,F,F,,,1,0,12.67,0.0,
"3552013","Markstay-Warren",Municipality (MU),2656,F,2297,F,F,F,,15.6,1276,1111,512.78,5.2,
"3552052","Mattagami 71",Indian reserve (IRI),190,F,193,F,F,F,,-1.6,87,73,46.03,4.1,
"3552031","Nairn and Hyman",Township (TP),342,F,477,F,F,F,,-28.3,190,138,160.82,2.1,
"3552023","Sables-Spanish Rivers",Township (TP),3214,F,3075,F,F,T,,4.5,1675,1321,815.21,3.9,
"350006","Shakespeare",Local service board (LSB),170,F,159,F,F,F,,6.9,100,71,36.79,4.6,
"350070","Webbwood",Dissolved municipality (DMU),485,F,458,F,F,F,,5.9,231,210,2.77,174.9,
"3552004","St.-Charles",Municipality (MU),1269,F,1282,F,F,F,,-1.0,818,573,321.75,3.9,
"3552093","Sudbury, Unorganized, North Part",Unorganized (NO),2755,F,2306,F,F,T,,19.5,2076,1267,35595.62,0.1,
"350018","Cartier",Local service board (LSB),241,F,244,F,F,F,,-1.2,129,120,59.11,4.1,
"350035","Foleyet",Local service board (LSB),177,F,193,F,F,F,,-8.3,81,80,11.43,15.5,
"350034","Gogama",Local service board (LSB),325,F,277,F,F,F,,17.3,197,151,56.74,5.7,
"350033","Sultan",Local service board (LSB),64,F,49,F,F,F,,30.6,60,37,2.77,23.1,
"350007","Willisville & Whitefish Falls",Local service board (LSB),297,F,272,F,F,F,,9.2,225,142,161.00,1.8,
"3552051","Whitefish Lake 6",Indian reserve (IRI),386,F,394,F,F,F,,-2.0,240,134,172.68,2.2,
"3558","Thunder Bay",,146048,F,146057,F,F,F,,0.0,72551,62999,103722.82,1.4,
"3558076","Aroland 83",Indian reserve (IRI),366,F,361,F,F,F,,1.4,111,108,3.35,109.4,
"3558019","Conmee",Township (TP),819,F,764,F,F,F,,7.2,327,298,169.13,4.8,
"3558034","Dorion",Township (TP),316,F,338,F,F,F,,-6.5,174,128,212.11,1.5,
"3558003","Fort William 52",Indian reserve (IRI),981,F,860,F,F,F,,14.1,373,342,58.31,16.8,
"3558012","Gillies",Township (TP),474,F,473,F,F,F,,0.2,201,185,93.05,5.1,
"3558067","Ginoogaming First Nation",Indian reserve (IRI),210,F,167,F,F,F,,25.7,64,62,68.55,3.1,
"3558075","Greenstone",Municipality (MU),4636,F,4724,F,F,F,,-1.9,2592,2038,2767.19,1.7,
"350010","Caramat",Local service board (LSB),50,F,58,F,F,F,,-13.8,68,27,35.80,1.4,
"3558065","Gull River 55",Indian reserve (IRI),247,F,210,F,F,F,,17.6,102,79,41.40,6.0,
"3558100","Lac des Mille Lacs 22A1",Indian reserve (IRI),0,F,0,F,F,F,,,0,0,17.40,0.0,
"3558064","Lake Helen 53A",Indian reserve (IRI),293,F,303,F,F,F,,-3.3,107,105,0.92,319.9,
"3558077","Lake Nipigon",Indian reserve (IRI),0,F,0,F,F,F,,,0,0,13.63,0.0,
"3558068","Long Lake 58",Indian reserve (IRI),385,F,367,F,F,F,,4.9,112,111,2.50,154.3,
"3558066","Manitouwadge",Township (TP),1937,F,2105,F,F,F,,-8.0,1082,894,352.07,5.5,
"3558059","Marathon",Town (T),3273,F,3353,F,F,F,,-2.4,1643,1445,170.54,19.2,
"3558001","Neebing",Municipality (MU),2055,F,1986,F,F,F,,3.5,1166,841,877.27,2.3,
"350024","Pearson",Local service board (LSB),347,F,329,F,F,F,,5.5,149,136,143.50,2.4,
"3558044","Nipigon",Township (TP),1642,F,1631,F,F,F,,0.7,804,721,109.11,15.0,
"3558016","O'Connor",Township (TP),663,F,685,F,F,F,,-3.2,272,262,108.78,6.1,
"3558080","Ojibway Nation of Saugeen (Savant Lake)",Indian reserve (IRI),90,F,100,F,F,F,,-10.0,38,27,56.95,1.6,
"3558011","Oliver Paipoonge",Municipality (MU),5922,F,5732,F,F,F,,3.3,2289,2239,350.91,16.9,
"3558085","Osnaburgh 63A",Indian reserve (IRI),232,F,153,F,F,F,,51.6,49,48,46.05,5.0,
"3558063","Pays Plat 51",Indian reserve (IRI),89,F,75,F,F,F,,18.7,35,34,2.19,40.6,
"3558060","Pic Mobert North",Indian reserve (IRI),197,F,193,F,F,F,,2.1,66,62,1.88,104.9,
"3558061","Pic Mobert South",Indian reserve (IRI),125,F,96,F,F,F,,30.2,53,51,0.36,349.4,
"3558062","Pic River 50",Indian reserve (IRI),443,F,395,F,F,F,,12.2,177,166,4.11,107.9,
"3558041","Red Rock",Township (TP),895,F,942,F,F,F,,-5.0,444,381,62.21,14.4,
"3558069","Rocky Bay 1",Indian reserve (IRI),184,F,182,F,F,F,,1.1,68,64,0.28,666.4,
"3558051","Schreiber",Township (TP),1059,F,1126,F,F,F,,-6.0,628,500,36.80,28.8,
"3558095","Seine River 22A2",Indian reserve (IRI),0,F,0,F,F,F,,,0,0,31.28,0.0,
"3558028","Shuniah",Municipality (MU),2798,F,2737,F,F,F,,2.2,2130,1196,570.99,4.9,
"3558054","Terrace Bay",Township (TP),1611,F,1471,F,F,F,,9.5,821,743,152.82,10.5,
"350133","Terrace Bay",Retired population centre (RPC),1606,F,1466,T,F,F,D,9.5,808,740,9.39,171.0,
"3558004","Thunder Bay",City (CY),107909,F,108359,F,F,F,,-0.4,50388,47182,328.36,328.6,
"3558090","Thunder Bay, Unorganized",Unorganized (NO),5872,F,5909,F,F,F,,-0.6,6130,2589,97009.80,0.1,
"350028","Armstrong",Local service board (LSB),193,F,220,F,F,F,,-12.3,186,84,337.77,0.6,
"350027","Hurkett",Local service board (LSB),214,F,236,F,F,F,,-9.3,117,98,53.34,4.0,
"350025","Kaministiquia",Local service board (LSB),625,F,599,F,F,F,,4.3,280,252,137.34,4.6,
"350026","Lappe",Local service board (LSB),1436,F,1360,F,F,F,,5.6,739,584,145.93,9.8,
"350009","Rossport",Local service board (LSB),65,F,65,F,F,F,,0.0,56,34,1.17,55.5,
"3558097","Whitesand",Indian reserve (IRI),325,F,260,F,F,F,,25.0,105,98,2.53,128.2,
"3554","Timiskaming",,32251,F,32634,F,F,F,,-1.2,16862,14395,13303.30,2.4,
"3554036","Armstrong",Township (TP),1166,F,1216,F,F,F,,-4.1,521,491,90.20,12.9,
"3554032","Brethour",Township (TP),97,F,129,F,F,T,,-24.8,38,36,82.08,1.2,
"3554029","Casey",Township (TP),368,F,374,F,F,F,,-1.6,150,138,80.86,4.6,
"3554054","Chamberlain",Township (TP),332,F,297,F,F,F,,11.8,165,145,110.59,3.0,
"3554044","Charlton and Dack",Municipality (MU),686,F,671,F,F,F,,2.2,266,245,92.72,7.4,
"3554008","Cobalt",Town (T),1128,F,1133,F,F,F,,-0.4,624,530,2.08,541.8,
"3554001","Coleman",Township (TP),595,F,597,F,F,F,,-0.3,338,255,178.89,3.3,
"3554052","Englehart",Town (T),1479,F,1519,F,F,F,,-2.6,711,691,3.02,489.7,
"3554049","Evanturel",Township (TP),449,F,452,F,F,F,,-0.7,201,181,89.31,5.0,
"3554066","Gauthier",Township (TP),138,F,123,F,F,F,,12.2,79,62,88.41,1.6,
"3554026","Harley",Township (TP),551,F,539,F,F,F,,2.2,216,209,92.30,6.0,
"3554014","Harris",Township (TP),545,F,523,F,F,F,,4.2,233,216,49.88,10.9,
"3554034","Hilliard",Township (TP),223,F,204,F,F,T,,9.3,95,90,91.38,2.4,
"3554021","Hudson",Township (TP),503,F,476,F,F,F,,5.7,280,205,90.37,5.6,
"3554042","James",Township (TP),420,F,424,F,F,F,,-0.9,240,207,86.36,4.9,
"3554024","Kerns",Township (TP),358,F,359,F,F,F,,-0.3,133,129,90.64,3.9,
"3554068","Kirkland Lake",Town (T),7981,F,8493,F,F,F,A,-6.0,4466,3814,262.13,30.4,
"3554062","Larder Lake",Township (TP),730,F,684,F,F,F,,6.7,466,351,229.52,3.2,
"3554006","Latchford",Town (T),313,F,387,F,F,F,,-19.1,227,150,153.53,2.0,
"3554056","Matachewan",Township (TP),225,F,409,F,F,F,A,-45.0,166,110,543.58,0.4,
"3554057","Matachewan 72",Indian reserve (IRI),61,F,83,F,F,F,,-26.5,29,24,33.63,1.8,
"3554058","McGarry",Township (TP),609,F,595,F,F,F,,2.4,345,294,86.67,7.0,
"3554020","Temiskaming Shores",City (CY),9920,F,10400,F,F,F,,-4.6,4673,4379,178.11,55.7,
"3554038","Thornloe",Village (VL),112,F,123,F,F,F,,-8.9,47,44,6.59,17.0,
"3554091","Timiskaming, Unorganized, East Part",Unorganized (NO),5,F,0,F,F,F,,,100,3,249.63,0.0,
"3554094","Timiskaming, Unorganized, West Part",Unorganized (NO),3257,F,2925,F,F,F,,11.4,2053,1396,10240.82,0.3,
"350032","King-Lebel",Local service board (LSB),379,F,322,F,F,F,,17.7,170,145,85.18,4.4,
"350031","Savard",Local service board (LSB),282,F,249,F,F,F,,13.3,124,109,202.86,1.4,
"3520","Toronto",,2731571,F,2615060,F,F,F,,4.5,1179057,1112929,630.20,4334.4,
"3520005","Toronto",City (C),2731571,F,2615060,F,F,F,,4.5,1179057,1112929,630.20,4334.4,
"3530","Waterloo",,535154,F,507096,F,F,F,,5.5,214299,203832,1368.92,390.9,
"3530010","Cambridge",City (CY),129920,F,126748,F,F,F,,2.5,49388,48239,113.01,1149.6,
"3530013","Kitchener",City (CY),233222,F,219153,F,F,F,,6.4,95495,92217,136.77,1705.2,
"3530004","North Dumfries",Township (TP),10215,F,9334,F,F,F,,9.4,3564,3531,187.43,54.5,
"350103","Branchton",Municipal defined places (MDP),375,F,297,F,F,F,,26.3,125,124,0.59,636.5,
"350129","Grand River",Municipal defined places (MDP),778,F,784,F,F,F,,-0.8,293,288,3.80,205.0,
"350128","Hwy. 401 Employment Area",Municipal defined places (MDP),29,F,33,F,F,F,,-12.1,13,13,3.86,7.5,
"350119","Roseville",Municipal defined places (MDP),338,F,342,F,F,F,,-1.2,109,108,0.40,844.8,
"3530016","Waterloo",City (CY),104986,F,98780,F,F,F,,6.3,46096,40381,64.02,1639.8,
"3530027","Wellesley",Township (TP),11260,F,10713,F,F,F,,5.1,3403,3337,277.76,40.5,
"350108","Hawkesville",Municipal defined places (MDP),311,F,281,F,F,F,,10.7,89,89,0.44,712.2,
"350109","Heidelberg Wellesley",Municipal defined places (MDP),387,F,409,F,F,F,,-5.4,150,149,0.38,1009.1,
"350112","Linwood",Municipal defined places (MDP),759,F,775,F,F,F,,-2.1,278,275,0.98,775.6,
"350255","St. Clements",Retired population centre (RPC),820,F,1261,T,F,F,D,-35.0,294,293,1.51,542.3,
"3530020","Wilmot",Township (TP),20545,F,19223,F,F,F,,6.9,7612,7516,263.78,77.9,
"350107","Foxboro Green",Municipal defined places (MDP),422,F,408,F,F,F,,3.4,222,222,0.56,758.7,
"350257","Mannheim",Retired population centre (RPC),982,F,1013,T,F,F,D,-3.1,327,326,0.99,995.8,
"350117","Petersburg",Municipal defined places (MDP),340,F,314,F,F,F,,8.3,131,130,0.66,518.6,
"350120","St. Agatha",Municipal defined places (MDP),450,F,521,F,F,F,,-13.6,188,187,0.67,666.9,
"3530035","Woolwich",Township (TP),25006,F,23145,F,F,F,,8.0,8741,8611,326.15,76.7,
"350102","Bloomingdale",Municipal defined places (MDP),230,F,239,F,F,F,,-3.8,88,86,0.59,391.6,
"350130","Breslau",Municipal defined places (MDP),3778,F,2415,F,F,F,,56.4,1219,1212,5.46,691.9,
"350105","Conestogo",Municipal defined places (MDP),1270,F,1316,F,F,F,,-3.5,441,431,2.13,595.5,
"350110","Heidelberg Woolwich",Municipal defined places (MDP),666,F,698,F,F,F,,-4.6,228,227,0.55,1215.8,
"350114","Maryhill",Municipal defined places (MDP),576,F,574,F,F,F,,0.3,185,183,0.79,733.6,
"350131","Stockyards/Martin Grove",Municipal defined places (MDP),246,F,261,F,F,F,,-5.7,144,141,1.15,214.4,
"350127","West Montrose",Municipal defined places (MDP),257,F,262,F,F,F,,-1.9,79,79,0.34,759.7,
"350125","Winterbourne",Municipal defined places (MDP),313,F,337,F,F,F,,-7.1,110,109,0.51,612.6,
"3523","Wellington",,222726,F,208360,F,F,F,,6.9,90846,85281,2660.57,83.7,
"3523025","Centre Wellington",Township (TP),28191,F,26693,F,F,F,,5.6,11499,10823,407.54,69.2,
"3523017","Erin",Town (T),11439,F,10770,F,F,F,,6.2,4258,4108,297.76,38.4,
"350136","Hillsburgh",Retired population centre (RPC),1124,F,1065,T,F,F,D,5.5,430,420,2.92,384.9,
"3523008","Guelph",City (CY),131794,F,121688,F,F,F,,8.3,55927,52090,87.22,1511.1,
"3523009","Guelph/Eramosa",Township (TP),12854,F,12380,F,F,F,,3.8,4604,4485,291.67,44.1,
"3523033","Mapleton",Township (TP),10527,F,9989,F,F,F,,5.4,3556,3141,534.87,19.7,
"3523043","Minto",Town (T),8671,F,8334,F,F,F,,4.0,3370,3247,300.69,28.8,
"350049","Clifford",Dissolved municipality (DMU),823,F,790,F,F,F,,4.2,361,348,2.67,307.9,
"3523001","Puslinch",Township (TP),7336,F,7029,F,F,F,,4.4,2793,2705,214.62,34.2,
"3523050","Wellington North",Township (TP),11914,F,11477,F,F,F,,3.8,4839,4682,526.21,22.6,
"3519","York",,1109909,F,1032524,F,F,F,,7.5,369928,357084,1762.13,629.9,
"3519046","Aurora",Town (T),55445,F,53203,F,F,F,,4.2,19381,18851,49.85,1112.3,
"3519076","Chippewas of Georgina Island First Nation",Indian reserve (IRI),261,F,275,F,F,F,,-5.1,565,118,14.55,17.9,
"3519054","East Gwillimbury",Town (T),23991,F,22473,F,F,F,,6.8,8279,8077,245.04,97.9,
"3519070","Georgina",Town (T),45418,F,43517,F,F,F,,4.4,18687,16821,287.75,157.8,
"3519049","King",Township (TP),24512,F,19899,F,F,F,,23.2,8736,8144,333.25,73.6,
"3519036","Markham",City (CY),328966,F,301709,F,F,F,,9.0,106131,102676,212.35,1549.2,
"3519048","Newmarket",Town (T),84224,F,79978,F,F,F,,5.3,29315,28673,38.45,2190.5,
"3519038","Richmond Hill",Town (T),195022,F,185541,F,F,F,,5.1,66465,64116,101.11,1928.8,
"3519028","Vaughan",City (CY),306233,F,288301,F,F,F,,6.2,96657,94253,273.56,1119.4,
"3519044","Whitchurch-Stouffville",Town (T),45837,F,37628,F,F,F,,21.8,15712,15355,206.22,222.3,

Note:
"Incompletely enumerated Indian reserves and Indian settlements, 2016","T = excludes census data for one or more incompletely enumerated Indian reserves or Indian settlements."
"Incompletely enumerated Indian reserves and Indian settlements, 2011","T = excludes census data for one or more incompletely enumerated Indian reserves or Indian settlements."
"2011 adjusted population flag","T = adjusted figure due to boundary change."
"2016 population review flag","T = After the release of the 2016 Census population and dwelling counts, issues could occasionally be uncovered in the data. A successful formal review has been conducted for this particular geographic area. It is not possible to make changes to the 2016 Census population and dwelling count data presented in this product. For more information, refer to Population and dwelling count amendments, 2016 Census."
"2011 population review or received update flag :"
"A = This geographic area underwent a formal review in 2011.  The 2011 population and/or dwelling counts have been revised."
"B = This geographic area underwent a formal review in 2011, resulting in the re-allocation of the population and/or dwelling counts for the area. The 2011 population and/or dwelling counts have been revised."
"C = This geographic area underwent a formal review in 2011. The 2011 population and/or dwelling counts have been revised. The geographic area also underwent a boundary change since the 2011 Census that resulted in an adjustment to the 2011 population and/or dwelling counts for the area."
"D = This geographic area underwent a boundary change since the 2011 Census that resulted in an adjustment to the 2011 population and/or dwelling counts for the area."
"E = The 2011 Census was not completed during the 2011 collection period for this area.   Collection for these communities was conducted in October 2011.  The results are available at Profile for the NHS Special Collection for 13 Indian reserves and Indian settlements in Northern Ontario, 2011."
"For further information, refer to: http://www12.statcan.gc.ca/census-recensement/2016/dp-pd/hlt-fst/pd-pl/About.cfm."

"Source: Statistics Canada, 2016 Census of Population."
"How to cite: Statistics Canada. 2017. Population and dwelling counts, for Canada, provinces and territories, census divisions, census subdivisions (municipalities) and designated places, 2016 and 2011 censuses (table). Population and Dwelling Count Highlight Tables. 2016 Census."
"Statistics Canada Catalogue no. 98-402-X2016001. Ottawa. Released February 8, 2017."
"http://www12.statcan.gc.ca/census-recensement/2016/dp-pd/hlt-fst/pd-pl/Tables/File.cfm?T=311&SR=1&RPP=9999&PR=35&CMA=0&CSD=0&S=87&O=A&Lang=Eng&OFT=CSV (accessed February 12, 2021)"

